id,User_Name,First_Name,last_name,email,DateOfBirth,Bio,Address,Level
1,heby0,Hillary,Gaber,hsangra0@youtu.be,2003-11-25 00:00:00,I am here with my friends!,98174,INTERMEDIATE
2,smellanby1,Sue,Fedder,scleere1@unesco.org,2010-03-12 00:00:00,I enjoy the great outdoors!,98165,INTERMEDIATE
3,irippingall2,Ina,Mobius,iwratten2@odnoklassniki.ru,1997-08-18 00:00:00,I am just here to be part of a community!,98154,BEGINNER
4,sallanby3,Sigmund,Sapauton,sclarridge3@mit.edu,1997-03-16 00:00:00,I enjoy the great outdoors!,98165,ADVANCED
5,eshorton4,Elana,Tottman,ehylden4@hao123.com,1997-08-17 00:00:00,I am just here to be part of a community!,98181,BEGINNER
6,jhinchshaw5,Jammie,Mandell,jberringer5@businessweek.com,2003-11-19 00:00:00,I am here with my friends!,98125,BEGINNER
7,ggayle6,Georas,Mor,gbrackenridge6@boston.com,1998-08-14 00:00:00,I love biking!,98126,BEGINNER
8,pshermore7,Pippy,McCoish,pholdren7@spiegel.de,1998-07-01 00:00:00,I love biking!,98131,BEGINNER
9,bmcnae8,Broderick,Tack,bpilmer8@over-blog.com,2007-09-15 00:00:00,I love biking!,98175,BEGINNER
10,msafont9,Maggi,Meller,mpurser9@cdc.gov,2008-02-28 00:00:00,I am looking for a great adventure!,98119,BEGINNER
11,elebana,Ertha,Lovie,etessymana@ebay.co.uk,1992-05-21 00:00:00,I am here with my friends!,98127,ADVANCED
12,rbilverstoneb,Rhodia,Crudge,rpashanb@umich.edu,2000-01-21 00:00:00,I am just here to be part of a community!,98148,BEGINNER
13,ftrethowanc,Fran,Wren,fmcallisterc@cnbc.com,2004-07-19 00:00:00,I enjoy the great outdoors!,98170,INTERMEDIATE
14,wgoodspeedd,Wrennie,Rainon,wcaswalld@msn.com,2003-09-15 00:00:00,I am just here to be part of a community!,98117,ADVANCED
15,rneylone,Rochette,Allott,rcattonnete@chron.com,2002-07-16 00:00:00,I enjoy the great outdoors!,98175,ADVANCED
16,kburdessf,Kevina,Fothergill,kdemongef@unblog.fr,2000-12-27 00:00:00,I am just here to be part of a community!,98105,BEGINNER
17,cvyseg,Caye,Leavens,cgooddieg@youtu.be,2003-06-27 00:00:00,I am here with my friends!,98195,ADVANCED
18,fsimonouh,Farleigh,Pues,fcossarh@mozilla.com,2008-09-11 00:00:00,I enjoy the great outdoors!,98136,INTERMEDIATE
19,jansteri,Jewel,Ivy,jwadsworthi@altervista.org,2009-09-01 00:00:00,I am just here to be part of a community!,98191,BEGINNER
20,ldelascyj,Leontine,Bothie,lpetreczj@google.com.br,2001-06-01 00:00:00,I am here with my friends!,98103,INTERMEDIATE
21,lsetterk,Lucila,Zuenelli,lsackettk@google.com,2000-07-23 00:00:00,I am just here to be part of a community!,98133,ADVANCED
22,awizl,Albert,Edeler,acrushaml@google.com.br,2006-05-27 00:00:00,I am looking for a great adventure!,98108,ADVANCED
23,fcortesm,Felic,Goford,fcobellom@uol.com.br,2001-02-18 00:00:00,I am here with my friends!,98102,BEGINNER
24,bmeechann,Brion,Helliwell,bhaynesn@quantcast.com,2008-02-02 00:00:00,I love biking!,98112,ADVANCED
25,shenriqueo,Sibelle,Foan,sassardo@ihg.com,2002-07-27 00:00:00,I am looking for a great adventure!,98104,ADVANCED
26,agaigerp,Adora,Shirt,asimsonp@quantcast.com,2006-01-19 00:00:00,I am just here to be part of a community!,98198,ADVANCED
27,ibarlaceq,Iormina,Loxton,iarmstrongq@cargocollective.com,2007-04-13 00:00:00,I enjoy the great outdoors!,98168,INTERMEDIATE
28,jjanuszr,Jeremy,Erett,jtoxellr@unicef.org,1991-06-24 00:00:00,I enjoy the great outdoors!,98174,ADVANCED
29,mtamsetts,Micheal,Barnson,mprobarts@unblog.fr,2005-08-14 00:00:00,I am here with my friends!,98164,ADVANCED
30,alawliet,Alidia,Gooderridge,agreght@ocn.ne.jp,2007-08-17 00:00:00,I am just here to be part of a community!,98141,ADVANCED
31,kjansau,Kyrstin,Lennon,kosullivanu@bizjournals.com,2000-09-03 00:00:00,I am looking for a great adventure!,98164,INTERMEDIATE
32,hgrumleyv,Hinze,Lyne,hdriffieldv@smh.com.au,2003-08-23 00:00:00,I am here with my friends!,98124,ADVANCED
33,hpanksw,Hogan,Lockner,hmerrydeww@topsy.com,1998-05-13 00:00:00,I am looking for a great adventure!,98164,ADVANCED
34,naddisx,Nicolas,Gehring,nbindenx@google.co.jp,2005-12-11 00:00:00,I am looking for a great adventure!,98118,ADVANCED
35,mdahmkey,Merwin,Cortin,mfronzeky@businessinsider.com,2009-05-21 00:00:00,I am here with my friends!,98161,BEGINNER
36,bjentgensz,Beverie,Willgress,bsiddenz@reference.com,2000-04-06 00:00:00,I am here with my friends!,98115,ADVANCED
37,hhirth10,Humfrey,Porcher,hvandenvelden10@washington.edu,1990-02-26 00:00:00,I love biking!,98119,ADVANCED
38,bmcdunlevy11,Briant,Artz,bklais11@un.org,2010-07-06 00:00:00,I am just here to be part of a community!,98188,BEGINNER
39,jkinneally12,Janie,Debold,jghiriardelli12@hubpages.com,2007-03-16 00:00:00,I am here with my friends!,98164,INTERMEDIATE
40,jllop13,Juliet,Spackman,jconahy13@intel.com,2009-04-24 00:00:00,I am here with my friends!,98104,BEGINNER
41,msemark14,Mortie,Trayhorn,mgilbane14@intel.com,1999-08-19 00:00:00,I am here with my friends!,98178,BEGINNER
42,dlupson15,Drusilla,Petrowsky,dleland15@trellian.com,1996-08-26 00:00:00,I enjoy the great outdoors!,98118,ADVANCED
43,kronnay16,Karel,Gillian,kvoysey16@netvibes.com,2002-09-01 00:00:00,I am here with my friends!,98185,INTERMEDIATE
44,rweth17,Rozalie,Pipworth,rleadley17@economist.com,2006-05-07 00:00:00,I love biking!,98118,ADVANCED
45,xhincks18,Xavier,Inglis,xsuddell18@bing.com,2004-01-25 00:00:00,I love biking!,98160,BEGINNER
46,krosenstengel19,Karla,Elgey,kpaulusch19@vkontakte.ru,1998-05-02 00:00:00,I love biking!,98121,INTERMEDIATE
47,prossetti1a,Phyllis,Harrad,ptraite1a@paginegialle.it,1994-01-21 00:00:00,I love biking!,98146,ADVANCED
48,sgherardelli1b,Sapphire,Jumonet,selfleet1b@macromedia.com,1999-06-17 00:00:00,I am here with my friends!,98112,BEGINNER
49,nbandey1c,Nadya,Eam,nnormavill1c@nifty.com,1991-05-02 00:00:00,I am here with my friends!,98134,INTERMEDIATE
50,jsearle1d,Julio,Navarijo,jcohane1d@nhs.uk,1993-02-10 00:00:00,I am looking for a great adventure!,98160,INTERMEDIATE
51,mibbs1e,Michele,Hindsberg,mglasspoole1e@wunderground.com,2002-06-06 00:00:00,I am looking for a great adventure!,98118,ADVANCED
52,rmeiner1f,Reena,Oliffe,rida1f@ustream.tv,2010-10-27 00:00:00,I am looking for a great adventure!,98141,ADVANCED
53,sleblanc1g,Sabine,Naton,srudolph1g@mac.com,1999-09-24 00:00:00,I love biking!,98148,ADVANCED
54,jlorrimer1h,Jacynth,Sandey,jcalendar1h@craigslist.org,1990-08-01 00:00:00,I am looking for a great adventure!,98121,BEGINNER
55,hcudd1i,Hermon,Caris,hdaintree1i@1und1.de,1992-09-22 00:00:00,I am here with my friends!,98115,ADVANCED
56,kcapps1j,Keenan,Sealy,ktallowin1j@networksolutions.com,2000-04-09 00:00:00,I enjoy the great outdoors!,98113,BEGINNER
57,bswindle1k,Brendin,Hryniewicki,bwimes1k@nbcnews.com,2000-03-05 00:00:00,I love biking!,98112,INTERMEDIATE
58,tlamlin1l,Taddeo,Scowcraft,tnodes1l@xing.com,2010-12-21 00:00:00,I am just here to be part of a community!,98148,INTERMEDIATE
59,ekillby1m,Elsinore,Quarry,egrolmann1m@bloglines.com,2008-04-11 00:00:00,I am just here to be part of a community!,98131,BEGINNER
60,zodonohue1n,Zebadiah,Kyllford,zlampet1n@nyu.edu,1996-07-12 00:00:00,I enjoy the great outdoors!,98116,ADVANCED
61,kgallemore1o,Kearney,Gladdish,khighman1o@dion.ne.jp,1994-10-08 00:00:00,I am looking for a great adventure!,98148,ADVANCED
62,mrossetti1p,Mandie,Curle,mtolcharde1p@yale.edu,1999-01-20 00:00:00,I am here with my friends!,98138,INTERMEDIATE
63,dmitchely1q,Devan,Baigrie,drosario1q@intel.com,2000-11-20 00:00:00,I am looking for a great adventure!,98138,INTERMEDIATE
64,zellershaw1r,Zena,Mattiuzzi,zfifoot1r@t-online.de,1994-01-20 00:00:00,I enjoy the great outdoors!,98146,ADVANCED
65,oscolland1s,Omar,Clemente,omcinerney1s@issuu.com,1993-05-29 00:00:00,I am looking for a great adventure!,98175,ADVANCED
66,hlehrle1t,Heriberto,Pethrick,hmatkin1t@ning.com,2005-05-08 00:00:00,I am here with my friends!,98105,ADVANCED
67,tgiametti1u,Thorvald,Tweed,tgludor1u@istockphoto.com,1990-08-28 00:00:00,I am here with my friends!,98115,ADVANCED
68,rjoynt1v,Richardo,Maith,rmathieu1v@ebay.co.uk,1992-02-12 00:00:00,I am looking for a great adventure!,98103,INTERMEDIATE
69,rquenell1w,Rebeka,Jeffers,rbeeden1w@auda.org.au,2006-05-27 00:00:00,I enjoy the great outdoors!,98138,INTERMEDIATE
70,mfearick1x,Marni,Schroder,mvanshin1x@com.com,1994-02-06 00:00:00,I am here with my friends!,98160,INTERMEDIATE
71,blamey1y,Bondon,Mylchreest,bpiddletown1y@gnu.org,1998-12-06 00:00:00,I love biking!,98199,INTERMEDIATE
72,ggreeson1z,Giraud,Gilbee,gsaward1z@hostgator.com,1997-09-06 00:00:00,I love biking!,98129,BEGINNER
73,sdunkinson20,Sheffy,Albrook,sbligh20@ning.com,1994-05-24 00:00:00,I am just here to be part of a community!,98133,BEGINNER
74,bsimounet21,Bellanca,Hamshere,bjoubert21@skyrock.com,1997-06-05 00:00:00,I enjoy the great outdoors!,98117,BEGINNER
75,sstallworthy22,Scot,Jancey,sdowney22@ow.ly,1993-06-17 00:00:00,I am just here to be part of a community!,98124,ADVANCED
76,hlamburne23,Henrieta,Carrigan,htulleth23@soundcloud.com,1992-03-22 00:00:00,I am looking for a great adventure!,98101,BEGINNER
77,kmedland24,Kerianne,Yurikov,kcoslitt24@stumbleupon.com,2003-10-10 00:00:00,I love biking!,98160,BEGINNER
78,dgrenkov25,Durant,Pietasch,dadnam25@a8.net,2007-06-16 00:00:00,I am just here to be part of a community!,98125,ADVANCED
79,nadlem26,Nil,Doyland,nmcimmie26@mysql.com,2004-12-20 00:00:00,I am here with my friends!,98126,BEGINNER
80,dsawkin27,Dulcie,Peatman,dblackmoor27@cafepress.com,1994-06-09 00:00:00,I am here with my friends!,98138,ADVANCED
81,rgoodram28,Rhodie,Grummitt,ralbrecht28@squarespace.com,1999-05-13 00:00:00,I enjoy the great outdoors!,98198,BEGINNER
82,nallibone29,Ninnette,Keelin,nstrippling29@theatlantic.com,1996-02-02 00:00:00,I love biking!,98148,BEGINNER
83,sgunson2a,Sutton,Safhill,spresho2a@myspace.com,2008-11-28 00:00:00,I am looking for a great adventure!,98125,BEGINNER
84,ehansemann2b,Efren,Causnett,ecrunkhorn2b@irs.gov,2010-04-19 00:00:00,I enjoy the great outdoors!,98101,ADVANCED
85,kwilber2c,Kamillah,Rowlings,kbeden2c@wiley.com,1993-08-05 00:00:00,I am here with my friends!,98164,INTERMEDIATE
86,mhatley2d,Mahalia,Lavens,mmctrustie2d@xrea.com,1993-02-27 00:00:00,I love biking!,98104,BEGINNER
87,fhutchison2e,Faye,Hauch,ftincknell2e@amazon.co.jp,2007-08-23 00:00:00,I love biking!,98195,INTERMEDIATE
88,esummersby2f,Elisabet,Thomsen,epeffer2f@admin.ch,1994-02-18 00:00:00,I enjoy the great outdoors!,98104,BEGINNER
89,lwiddowes2g,Linette,Fobidge,lloughlin2g@thetimes.co.uk,2005-02-08 00:00:00,I enjoy the great outdoors!,98112,INTERMEDIATE
90,jharman2h,Jammie,St. Louis,jwylie2h@sakura.ne.jp,2009-08-20 00:00:00,I am here with my friends!,98191,INTERMEDIATE
91,cbrambley2i,Coreen,Lismore,cgorham2i@1688.com,2004-10-12 00:00:00,I am here with my friends!,98177,INTERMEDIATE
92,oprise2j,Onfroi,McCoish,obaildon2j@hc360.com,1997-12-10 00:00:00,I love biking!,98103,ADVANCED
93,lvasiliev2k,Lyndell,Knowling,lclemoes2k@ebay.co.uk,2002-08-30 00:00:00,I am looking for a great adventure!,98168,ADVANCED
94,aogelsby2l,Amberly,Etuck,avuittet2l@nydailynews.com,1990-07-29 00:00:00,I am looking for a great adventure!,98166,BEGINNER
95,coulett2m,Christye,Bein,chamnett2m@wikimedia.org,1990-06-05 00:00:00,I am looking for a great adventure!,98195,INTERMEDIATE
96,babramzon2n,Barbi,Ding,bcayser2n@mysql.com,2005-10-21 00:00:00,I am just here to be part of a community!,98181,BEGINNER
97,raxleby2o,Ruprecht,O'Siaghail,rclery2o@stumbleupon.com,1999-05-15 00:00:00,I enjoy the great outdoors!,98166,BEGINNER
98,swootton2p,Sherye,Cammomile,sslyford2p@marketwatch.com,2008-08-29 00:00:00,I love biking!,98170,BEGINNER
99,nebbett2q,Nanine,De Ruggero,nellins2q@digg.com,1996-05-04 00:00:00,I am just here to be part of a community!,98139,ADVANCED
100,mdewar2r,Morganica,Jarratt,mveryard2r@ustream.tv,2000-09-01 00:00:00,I am just here to be part of a community!,98108,INTERMEDIATE